{
  "feature_0": 0.008061599917709827,
  "feature_1": 0.21443776786327362,
  "feature_2": 0.6962859034538269,
  "feature_3": 0.0006323243724182248,
  "feature_4": 0.007371594198048115,
  "feature_5": 0.005761034786701202,
  "feature_6": 0.0,
  "feature_7": 0.0013355168048292398,
  "feature_8": 0.01298508234322071,
  "feature_9": 0.005008197855204344,
  "feature_10": 0.0,
  "feature_11": 0.0,
  "feature_12": 0.0031302308198064566,
  "feature_13": 0.0,
  "feature_14": 0.0,
  "feature_15": 0.0,
  "feature_16": 0.0,
  "feature_17": 0.0,
  "feature_18": 0.0,
  "feature_19": 0.0,
  "feature_20": 0.012067480012774467,
  "feature_21": 0.0,
  "feature_22": 0.0,
  "feature_23": 0.0,
  "feature_24": 0.0,
  "feature_25": 0.0,
  "feature_26": 0.0,
  "feature_27": 0.0,
  "feature_28": 0.0,
  "feature_29": 0.0,
  "feature_30": 0.0,
  "feature_31": 0.0,
  "feature_32": 0.0,
  "feature_33": 0.0,
  "feature_34": 0.0,
  "feature_35": 0.0,
  "feature_36": 0.00797251332551241,
  "feature_37": 0.007472429424524307,
  "feature_38": 0.0,
  "feature_39": 0.0023175275418907404,
  "feature_40": 0.0018120177555829287,
  "feature_41": 0.0,
  "feature_42": 0.013348826207220554,
  "feature_43": 0.0,
  "feature_44": 0.0
}