{"learner":{"attributes":{"best_iteration":"0","best_score":"1.0"},"feature_names":[],"feature_types":[],"gradient_booster":{"model":{"cats":{"enc":[],"feature_segments":[],"sorted_idx":[]},"gbtree_model_param":{"num_parallel_tree":"1","num_trees":"21"},"iteration_indptr":[0,1,2,3,4,5,6,7,8,9,10,11,12,13,14,15,16,17,18,19,20,21],"tree_info":[0,0,0,0,0,0,0,0,0,0,0,0,0,0,0,0,0,0,0,0,0],"trees":[{"base_weights":[-9.377637E-4,1.9987495E-1,-1.9995001E-1],"categories":[],"categories_nodes":[],"categories_segments":[],"categories_sizes":[],"default_left":[0,0,0],"id":0,"left_children":[1,-1,-1],"loss_changes":[3.1967E4,0E0,0E0],"parents":[2147483647,0,0],"right_children":[2,-1,-1],"split_conditions":[7.059391E-1,1.9987495E-1,-1.9995001E-1],"split_indices":[4,0,0],"split_type":[0,0,0],"sum_hessian":[7.99675E3,3.99725E3,3.9995E3],"tree_param":{"num_deleted":"0","num_feature":"10","num_nodes":"3","size_leaf_vector":"1"}},{"base_weights":[-3.7577478E-3,-1.8184404E-1,1.8170159E0,6.537508E-2,1.8183748E-1],"categories":[],"categories_nodes":[],"categories_segments":[],"categories_sizes":[],"default_left":[0,0,0,0,0],"id":1,"left_children":[1,-1,3,-1,-1],"loss_changes":[2.6304852E4,0E0,5.091797E0,0E0,0E0],"parents":[2147483647,0,0,2,2],"right_children":[2,-1,4,-1,-1],"split_conditions":[1.3755784E-2,-1.8184404E-1,1.9455148E-1,6.537508E-2,1.8183748E-1],"split_indices":[8,0,3,0,0],"split_type":[0,0,0,0,0],"sum_hessian":[7.9592124E3,3.9862744E3,3.972938E3,5.1979017E0,3.96774E3],"tree_param":{"num_deleted":"0","num_feature":"10","num_nodes":"5","size_leaf_vector":"1"}},{"base_weights":[-1.2740395E-3,1.6813613E0,-1.6822742E-1,8.335809E-2,1.6823193E-1],"categories":[],"categories_nodes":[],"categories_segments":[],"categories_sizes":[],"default_left":[0,0,0,0,0],"id":2,"left_children":[1,3,-1,-1,-1],"loss_changes":[2.1851139E4,1.7324219E0,0E0,0E0,0E0],"parents":[2147483647,0,0,1,1],"right_children":[2,4,-1,-1,-1],"split_conditions":[7.059391E-1,1.9723795E-1,-1.6822742E-1,8.335809E-2,1.6823193E-1],"split_indices":[4,7,0,0,0],"split_type":[0,0,0,0,0],"sum_hessian":[7.723317E3,3.859781E3,3.863536E3,5.339901E0,3.8544412E3],"tree_param":{"num_deleted":"0","num_feature":"10","num_nodes":"5","size_leaf_vector":"1"}},{"base_weights":[-5.3770645E-3,-1.5766914E-1,1.5757959E0,7.940527E-2,1.5766709E-1],"categories":[],"categories_nodes":[],"categories_segments":[],"categories_sizes":[],"default_left":[0,0,0,0,0],"id":3,"left_children":[1,-1,3,-1,-1],"loss_changes":[1.8453223E4,0E0,1.28125E0,0E0,0E0],"parents":[2147483647,0,0,2,2],"right_children":[2,-1,4,-1,-1],"split_conditions":[1.3755784E-2,-1.5766914E-1,1.6561458E-1,7.940527E-2,1.5766709E-1],"split_indices":[8,0,5,0,0],"split_type":[0,0,0,0,0],"sum_hessian":[7.425281E3,3.724252E3,3.7010286E3,5.1536236E0,3.6958748E3],"tree_param":{"num_deleted":"0","num_feature":"10","num_nodes":"5","size_leaf_vector":"1"}},{"base_weights":[1.916004E-3,1.4913394E0,-1.4925091E-1,5.9018493E-2,1.4924818E-1],"categories":[],"categories_nodes":[],"categories_segments":[],"categories_sizes":[],"default_left":[0,0,0,0,0],"id":4,"left_children":[1,3,-1,-1,-1],"loss_changes":[1.5775655E4,2.7729492E0,0E0,0E0,0E0],"parents":[2147483647,0,0,1,1],"right_children":[2,4,-1,-1,-1],"split_conditions":[7.059391E-1,1.9455148E-1,-1.4925091E-1,5.9018493E-2,1.4924818E-1],"split_indices":[4,3,0,0,0],"split_type":[0,0,0,0,0],"sum_hessian":[7.085533E3,3.548706E3,3.5368271E3,5.148314E0,3.5435579E3],"tree_param":{"num_deleted":"0","num_feature":"10","num_nodes":"5","size_leaf_vector":"1"}},{"base_weights":[7.3989583E-3,-1.4242049E-1,1.4233431E0,1.4242338E-1,7.037954E-2],"categories":[],"categories_nodes":[],"categories_segments":[],"categories_sizes":[],"default_left":[0,0,0,0,0],"id":5,"left_children":[1,-1,3,-1,-1],"loss_changes":[1.3609746E4,0E0,1.1621094E0,0E0,0E0],"parents":[2147483647,0,0,2,2],"right_children":[2,-1,4,-1,-1],"split_conditions":[1.3755784E-2,-1.4242049E-1,7.2683054E-1,1.4242338E-1,7.037954E-2],"split_indices":[8,0,6,0,0],"split_type":[0,0,0,0,0],"sum_hessian":[6.7119956E3,3.337539E3,3.3744565E3,3.3693064E3,5.149958E0],"tree_param":{"num_deleted":"0","num_feature":"10","num_nodes":"5","size_leaf_vector":"1"}},{"base_weights":[5.089176E-3,1.3673721E-1,-1.3678215E-1],"categories":[],"categories_nodes":[],"categories_segments":[],"categories_sizes":[],"default_left":[0,0,0],"id":6,"left_children":[1,-1,-1],"loss_changes":[1.173398E4,0E0,0E0],"parents":[2147483647,0,0],"right_children":[2,-1,-1],"split_conditions":[7.059391E-1,1.3673721E-1,-1.3678215E-1],"split_indices":[4,0,0],"split_type":[0,0,0],"sum_hessian":[6.271873E3,3.148123E3,3.1237498E3],"tree_param":{"num_deleted":"0","num_feature":"10","num_nodes":"3","size_leaf_vector":"1"}},{"base_weights":[9.470345E-4,1.3199797E0,-1.3207105E-1,7.031836E-2,1.3208233E-1],"categories":[],"categories_nodes":[],"categories_segments":[],"categories_sizes":[],"default_left":[0,0,0,0,0],"id":7,"left_children":[1,3,-1,-1,-1],"loss_changes":[1.0269458E4,6.0498047E-1,0E0,0E0,0E0],"parents":[2147483647,0,0,1,1],"right_children":[2,4,-1,-1,-1],"split_conditions":[7.059391E-1,2.7673793E-1,-1.3207105E-1,7.031836E-2,1.3208233E-1],"split_indices":[4,9,0,0,0],"split_type":[0,0,0,0,0],"sum_hessian":[5.888783E3,2.9473188E3,2.941464E3,5.165461E0,2.9421536E3],"tree_param":{"num_deleted":"0","num_feature":"10","num_nodes":"5","size_leaf_vector":"1"}},{"base_weights":[-3.0378867E-3,1.2792376E0,-1.2809862E-1,4.063233E-2,1.2810396E-1],"categories":[],"categories_nodes":[],"categories_segments":[],"categories_sizes":[],"default_left":[0,0,0,0,0],"id":8,"left_children":[1,3,-1,-1,-1],"loss_changes":[8.993632E3,3.788086E0,0E0,0E0,0E0],"parents":[2147483647,0,0,1,1],"right_children":[2,4,-1,-1,-1],"split_conditions":[7.059391E-1,2.7673793E-1,-1.2809862E-1,4.063233E-2,1.2810396E-1],"split_indices":[4,9,0,0,0],"split_type":[0,0,0,0,0],"sum_hessian":[5.486333E3,2.7385295E3,2.7478035E3,6.107804E0,2.7324219E3],"tree_param":{"num_deleted":"0","num_feature":"10","num_nodes":"5","size_leaf_vector":"1"}},{"base_weights":[-3.796817E-3,-1.2473575E-1,1.2462883E0,6.618997E-2,1.2472198E-1],"categories":[],"categories_nodes":[],"categories_segments":[],"categories_sizes":[],"default_left":[0,0,0,0,0],"id":9,"left_children":[1,-1,3,-1,-1],"loss_changes":[7.9177627E3,0E0,5.5737305E-1,0E0,0E0],"parents":[2147483647,0,0,2,2],"right_children":[2,-1,4,-1,-1],"split_conditions":[1.3755784E-2,-1.2473575E-1,1.7299037E-1,6.618997E-2,1.2472198E-1],"split_indices":[8,0,5,0,0],"split_type":[0,0,0,0,0],"sum_hessian":[5.091261E3,2.5522922E3,2.538969E3,5.172811E0,2.5337961E3],"tree_param":{"num_deleted":"0","num_feature":"10","num_nodes":"5","size_leaf_vector":"1"}},{"base_weights":[-3.992706E-3,1.2164915E0,-1.2181466E-1,4.4170298E-2,1.2181719E-1],"categories":[],"categories_nodes":[],"categories_segments":[],"categories_sizes":[],"default_left":[0,0,0,0,0],"id":10,"left_children":[1,3,-1,-1,-1],"loss_changes":[6.9834585E3,2.5214844E0,0E0,0E0,0E0],"parents":[2147483647,0,0,1,1],"right_children":[2,4,-1,-1,-1],"split_conditions":[7.059391E-1,2.1340218E-1,-1.2181466E-1,4.4170298E-2,1.2181719E-1],"split_indices":[4,7,0,0,0],"split_type":[0,0,0,0,0],"sum_hessian":[4.7106445E3,2.349197E3,2.3614475E3,5.6548777E0,2.3435422E3],"tree_param":{"num_deleted":"0","num_feature":"10","num_nodes":"5","size_leaf_vector":"1"}},{"base_weights":[-6.3201063E-3,-1.193452E-1,1.191466E0,1.1930584E-1,5.2559745E-2],"categories":[],"categories_nodes":[],"categories_segments":[],"categories_sizes":[],"default_left":[0,0,0,0,0],"id":11,"left_children":[1,-1,3,-1,-1],"loss_changes":[6.1540684E3,0E0,1.6572266E0,0E0,0E0],"parents":[2147483647,0,0,2,2],"right_children":[2,-1,4,-1,-1],"split_conditions":[1.3755784E-2,-1.193452E-1,7.1501523E-1,1.1930584E-1,5.2559745E-2],"split_indices":[8,0,6,0,0],"split_type":[0,0,0,0,0],"sum_hessian":[4.3259688E3,2.172649E3,2.1533198E3,2.1473926E3,5.92725E0],"tree_param":{"num_deleted":"0","num_feature":"10","num_nodes":"5",