{
  "model_info": {
    "model_type": "<class 'sklearn.ensemble._forest.RandomForestClassifier'>",
    "n_estimators": 100,
    "n_features": 10,
    "n_classes": 2,
    "feature_names": [
      "io_intensity",
      "entropy",
      "resource_usage",
      "network_activity",
      "file_operations",
      "process_anomaly",
      "temporal_pattern",
      "access_frequency",
      "data_volume",
      "behavior_consistency"
    ],
    "class_names": [
      0,
      1
    ]
  },
  "feature_importance": {
    "io_intensity": 0.24332223536978168,
    "entropy": 0.3607331988902626,
    "resource_usage": 0.2488492994137785,
    "network_activity": 0.07647242870150996,
    "file_operations": 0.02445413399689633,
    "process_anomaly": 0.003334738526197998,
    "temporal_pattern": 0.004904982176918815,
    "access_frequency": 0.016204420192686805,
    "data_volume": 0.006181073155627865,
    "behavior_consistency": 0.015543489576339487
  },
  "trees_sample": {
    "tree_0": {
      "n_nodes": 29,
      "n_features": 10,
      "n_outputs": 1,
      "max_depth": 6,
      "children_left": [
        1,
        2,
        3,
        4,
        5,
        6,
        -1,
        -1,
        -1,
        -1,
        -1,
        12,
        13,
        -1,
        -1,
        16,
        -1,
        -1,
        19,
        -1,
        21,
        -1,
        23,
        -1,
        25,
        26,
        -1,
        -1,
        -1
      ],
      "children_right": [
        18,
        11,
        10,
        9,
        8,
        7,
        -1,
        -1,
        -1,
        -1,
        -1,
        15,
        14,
        -1,
        -1,
        17,
        -1,
        -1,
        20,
        -1,
        22,
        -1,
        24,
        -1,
        28,
        27,
        -1,
        -1,
        -1
      ],
      "feature": [
        1,
        1,
        5,
        2,
        0,
        4,
        -2,
        -2,
        -2,
        -2,
        -2,
        0,
        7,
        -2,
        -2,
        4,
        -2,
        -2,
        2,
        -2,
        0,
        -2,
        5,
        -2,
        5,
        8,
        -2,
        -2,
        -2
      ],
      "threshold": [
        0.9150086343288422,
        0.785280704498291,
        1.0274965167045593,
        1.0533650517463684,
        1.0026876032352448,
        0.9729054570198059,
        -2.0,
        -2.0,
        -2.0,
        -2.0,
        -2.0,
        0.6544506847858429,
        0.6455800235271454,
        -2.0,
        -2.0,
        0.4054068773984909,
        -2.0,
        -2.0,
        0.20320850610733032,
        -2.0,
        0.37708182632923126,
        -2.0,
        0.14071612805128098,
        -2.0,
        0.35201793909072876,
        0.3502742648124695,
        -2.0,
        -2.0,
        -2.0
      ],
      "value": [
        [
          [
            0.4910395282251802,
            0.5089604717748029
          ]
        ],
        [
          [
            0.9650136401375866,
            0.034986359862412476
          ]
        ],
        [
          [
            0.9886811112614585,
            0.011318888738541276
          ]
        ],
        [
          [
            0.9900728768219206,
            0.009927123178079455
          ]
        ],
        [
          [
            0.9943031209180788,
            0.005696879081921184
          ]
        ],
        [
          [
            0.9971315444149185,
            0.0028684555850815
          ]
        ],
        [
          [
            1.0,
            0.0
          ]
        ],
        [
          [
            0.4461125350909313,
            0.5538874649090687
          ]
        ],
        [
          [
            0.5917963479355942,
            0.4082036520644059
          ]
        ],
        [
          [
            0.0,
            1.0
          ]
        ],
        [
          [
            0.3918520503886358,
            0.6081479496113643
          ]
        ],
        [
          [
            0.5049994546049522,
            0.49500054539504795
          ]
        ],
        [
          [
            0.9456435809596818,
            0.05435641904031813
          ]
        ],
        [
          [
            1.0,
            0.0
          ]
        ],
        [
          [
            0.5630656653186983,
            0.4369343346813017
          ]
        ],
        [
          [
            0.05379482902418682,
            0.9462051709758131
          ]
        ],
        [
          [
            1.0,
            0.0
          ]
        ],
        [
          [
            0.0,
            1.0
          ]
        ],
        [
          [
            0.010117111294843464,
            0.9898828887051567
          ]
        ],
        [
          [
            1.0,
            0.0
          ]
        ],
        [
          [
            0.004864294589568731,
            0.9951357054104312
          ]
        ],
        [
          [
            1.0,
            0.0
          ]
        ],
        [
          [
            0.0026591310473860156,
            0.997340868952614
          ]
        ],
        [
          [
            0.24366666666666664,
            0.7563333333333333
          ]
        ],
        [
          [
            0.0013368600917696893,
            0.9986631399082303
          ]
        ],
        [
          [
            0.011242809830922088,
            0.9887571901690779
          ]
        ],
        [
          [
            0.08076753093694754,
            0.9192324690630523
          ]
        ],
        [
          [
            0.0,
            1.0
          ]
        ],
        [
          [
            0.0,
            1.0
          ]
        ]
      ]
    },
    "tree_1": {
      "n_nodes": 45,
      "n_features": 10,
      "n_outputs": 1,
      "max_depth": 7,
      "children_left": [
        1,
        2,
        3,
        4,
        5,
        6,
        7,
        -1,
        -1,
        10,
        -1,
        -1,
        -1,
        14,
        -1,
        16,
        -1,
        18,
        -1,
        -1,
        21,
        22,
        -1,
        -1,
        -1,
        26,
        27,
        -1,
        -1,
        30,
        -1,
        -1,
        33,
        34,
        35,
        -1,
        -1,
        -1,
        39,
        -1,
        41,
        -1,
        43,
        -1,
        -1
      ],
      "children_right": [
        32,
        25,
        20,
        13,
        12,
        9,
        8,
        -1,
        -1,
        11,
        -1,
        -1,
        -1,
        15,
        -1,
        17,
        -1,
        19,
        -1,
        -1,
        24,
        23,
        -1,
        -1,
        -1,
        29,
        28,
        -1,
        -1,
        31,
        -1,
        -1,
        38,
        37,
        36,
        -1,
        -1,
        -1,
        40,
        -1,
        42,
        -1,
        44,
        -1,
        -1
      ],
      "feature": [
        3,
        4,
        9,
        2,
        7,
        5,
        1,
        -2,
        -2,
        5,
        -2,
        -2,
        -2,
        5,
        -2,
        1,
        -2,
        6,
        -2,
        -2,
        8,
        1,
        -2,
        -2,
        -2,
        2,
        0,
        -2,
        -2,
        1,
        -2,
        -2,
        0,
        5,
        0,
        -2,
        -2,
        -2,
        9,
        -2,
        1,
        -2,
        1,
        -2,
        -2
      ],