{
  "cross_domain_extreme": {
    "network": {
      "baseline": {
        "f1": 0.9936305732484076,
        "recall": 0.9873417721518988
      },
      "noisy_30pct": {
        "f1": 0.9699570815450643,
        "drop": 0.02367349170334332
      },
      "missing_20pct": {
        "f1": 0.8847058823529412,
        "drop": 0.10892469089546641
      },
      "imbalanced_70pct_reduction": {
        "f1": 0.9969788519637462,
        "drop": -0.003348278715338604
      }
    },
    "files": {
      "baseline": {
        "f1": 0.9835294117647059,
        "recall": 0.9675925925925926
      },
      "noisy_30pct": {
        "f1": 0.9063291139240506,
        "drop": 0.0772002978406553
      },
      "missing_20pct": {
        "f1": 0.8292682926829268,
        "drop": 0.15426111908177909
      },
      "imbalanced_70pct_reduction": {
        "f1": 0.9832775919732442,
        "drop": 0.00025181979146171596
      }
    },
    "processes": {
      "baseline": {
        "f1": 0.9910873440285205,
        "recall": 1.0
      },
      "noisy_30pct": {
        "f1": 0.8993506493506493,
        "drop": 0.09173669467787116
      },
      "missing_20pct": {
        "f1": 0.9553903345724907,
        "drop": 0.03569700945602983
      },
      "imbalanced_70pct_reduction": {
        "f1": 0.9873417721518988,
        "drop": 0.0037455718766217228
      }
    }
  },
  "adversarial_robustness": {
    "adversarial_0.1": {
      "f1": 0.9957983193277311,
      "recall": 1.0,
      "f1_drop": 0.004201680672268893,
      "recall_drop": 0.0
    },
    "adversarial_0.3": {
      "f1": 0.9609856262833676,
      "recall": 0.9873417721518988,
      "f1_drop": 0.03901437371663241,
      "recall_drop": 0.012658227848101222
    },
    "adversarial_0.5": {
      "f1": 0.8135593220338984,
      "recall": 0.810126582278481,
      "f1_drop": 0.18644067796610164,
      "recall_drop": 0.189873417721519
    },
    "adversarial_0.8": {
      "f1": 0.0,
      "recall": 0.0,
      "f1_drop": 1.0,
      "recall_drop": 1.0
    }
  },
  "concept_drift": {
    "original_f1": 1.0,
    "drift_f1": 0.6666666666666666,
    "f1_drop": 0.33333333333333337
  },
  "final_robustness_score": 0.8532048226931267,
  "average_f1_drop": 0.14679517730687333
}