{
  "high_overlap": {
    "f1": 0.6671168129642133,
    "recall": 0.9782178217821782,
    "precision": 0.5061475409836066,
    "samples": 1000,
    "ransomware_count": 505
  },
  "extreme_imbalance": {
    "f1": 0.40816326530612246,
    "recall": 1.0,
    "precision": 0.2564102564102564,
    "samples": 1000,
    "ransomware_count": 10
  },
  "feature_collinearity": {
    "f1": 0.7963726298433635,
    "recall": 0.966,
    "precision": 0.6774193548387096,
    "samples": 1000,
    "ransomware_count": 500
  },
  "outlier_contamination": {
    "f1": 0.44846577498033047,
    "recall": 0.9661016949152542,
    "precision": 0.29200819672131145,
    "samples": 1000,
    "ransomware_count": 295
  },
  "adversarial_patterns": {
    "f1": 0.6684491978609626,
    "recall": 1.0,
    "precision": 0.5020080321285141,
    "samples": 1000,
    "ransomware_count": 500
  }
}